{"url":"https:\/\/webview.unityads.unity3d.com\/webview_test\/4.0.0\/910f79014fa0c82a043b41381b1829c0a259e4ee\/release\/index.html","hash":"ce495ede6eaa79c3c461aded0ff213d48d58c2113e55670ba4e33a68b03ccf2e","version":"910f79014fa0c82a043b41381b1829c0a259e4ee","dwu":false,"sdkv":"4.0.0","murl":"https:\/\/gateway.unityads.unity3d.com\/legacy\/diagnostics\/v2\/metrics","msr":5,"omn":"Unity3d","omv":"1.3.0","sto":30000,"src":"srvc","expo":{"fff":{"value":"false"},"gjl":{"value":"true"},"murl":{"value":"https:\/\/gateway.unityads.unity3d.com\/legacy\/diagnostics\/v2\/metrics"},"osg":{"applied":"current","value":true},"scar_bm":{"value":"eag"},"scar_bn":{"value":"false"},"sendShowConsentEvent":{"value":"true"},"sto":{"value":"30000"},"tsi":{"value":"true"},"tsi_nt":{"value":"true"},"tsi_p":{"value":"true"},"tsi_prw":{"value":"true"},"tsi_upii":{"value":"false"},"wgr":{"value":"true"}}}